,wine,dictionary wine
0,BAHANS HAUT BRION ,Bahans Haut Brion
1,QUINTUS ,Chateau Quintus
2,MISSION HAUT BRION ,Chateau Mission Haut Brion
3,LES PLANTIERS DU HAUT BRION,Les Plantiers de Haut Brion
4,DRAGON DE QUINTUS,Le Dragon de Quintus
5,L'ARROSEE,Chateau L’Arrosee
6,TERTRE DAUGAY,Chateau Tertre Daugay
7,LAVILLE HAUT BRION ,Chateau Laville Haut Brion
8,CLARENCE HAUT BRION ,Le Clarence de Haut Brion
9,CARDINALE,Cardinale
10,VERITE LA JOIE,Verite La Joie
11,OPUS ONE,Opus One
12,MASSETO,Masseto
13,VERITE LA MUSE,Verite La Muse
14,NAPANOOK,Napanook
15,VEGA SICILIA UNICO,Vega Sicilia Unico
16,OVERTURE,Overture
17,VERITE LE DESIR,Verite Le Desir
18,SENA,Sena
19,ALMAVIVA,Almaviva
20,SOLAIA,Solaia
21,Maison Leroy - Chambolle Musigny,Maison Leroy Chambolle Musigny
22,TOUR SAINT BONNET,Chateau Tour Saint Bonnet
23,DUCRU BEAUCAILLOU,Chateau Ducru Beaucaillou
24,DRC/ECHEZEAUX,DRC Echezeaux
25,CLOTTE (LA),Chateau La Clotte
26,MALESCASSE,Chateau Malescasse
27,YQUEM (D'),Chateau d'Yquem
28,MEYNEY,Chateau Meyney
29,VEGA SICILIA UNICO,Vega Sicilia Unico
30,LESTAGE SIMON,Chateau Lestage Simon
31,DRC/LA TACHE,DRC La Tache
32,GRAND MAYNE,Chateau Grand Mayne
33,MARQUIS DE TERME,Chateau Marquis de Terme
34,BALESTARD LA TONNELLE,Chateau Balestard La Tonnelle
35,RUINART Blanc de Blancs,Ruinart Blanc De Blanc
36,CROIZET BAGES,Chateau Croizet Bages
37,TERTRE DAUGAY,Chateau Tertre Daugay
38,BROUSTET,Chateau Broustet
39,ANGELUS,Chateau Angelus
40,DRC/CORTON,DRC Corton
41,MARZELLE (LA),Chateau La Marzelle
42,CAMENSAC,Chateau Camensac
43,OPUS ONE,Opus One
44,FONPLEGADE,Chateau Fonplegade
45,COUSPAUDE (LA),Chateau La Couspaude
46,MOULIN ROUGE,Chateau du Moulin Rouge
47,FLEUR PETRUS (LA),Chateau La Fleur Petrus
48,Maison Leroy - Clos Vougeot,Maison Leroy Clos Vougeot
49,Maison Leroy - Volnay 1er Cru Les Brouillards,Maison Leroy Volnay 1er Cru Les Brouillards
50,BERNADOTTE,Chateau Bernadotte
51,RAUZAN GASSIES,Chateau Rauzan Gassies
52,PERRIER JOUET Belle Epoque Blanc de Blanc,Perrier Jouet Belle Epoque Blanc de Blanc
53,PHELAN SEGUR,Chateau Phelan Segur
54,GUIGAL LA MOULINE,E. Guigal La Mouline
55,CARONNE SAINTE GEMME,Chateau Caronne Sainte Gemme
56,SAINT PIERRE,Chateau Saint Pierre
57,PERRIER JOUET Blason Rosé,Perrier Jouet Blason Rose
58,MONT PERAT Blanc,Chateau Mont Perat Blanc
59,MARQUIS D'ALESME,Chateau Marquis d'Alesme
60,BELLE-VUE,Chateau Bellevue
61,CARLES (DE),Chateau Haut Carles
62,MISSION HAUT BRION,Chateau Mission Haut Brion
63,RAYNE VIGNEAU,Chateau Rayne Vigneau
64,CALON SEGUR,Chateau Calon Segur
65,Maison Leroy - Montagny 1er cru,Maison Leroy Montagny 1er Cru
66,BRANAS GRAND POUJEAUX,Chateau Branas Grand Poujeaux
67,CHEVAL BLANC,Chateau Cheval Blanc
68,MUMM Cordon Rouge,Mumm Cordon Rouge
69,POUGET,Chateau Pouget
70,ARMAND DE BRIGNAC Rosé,Armand de Brignac Rose
71,HAUT BATAILLEY,Chateau Batailley
72,PRIEURE LICHINE,Chateau Prieure Lichine
73,DOMINIQUE (LA),Chateau La Dominique
74,CADET BON,Chateau Cadet Bon
75,CITRAN,Chateau Citran
76,GUIGAL LA TURQUE,E. Guigal La Turque
77,VALANDRAUD,Chateau Valandraud
78,PAVIE DECESSE,Chateau Pavie Decesse
79,BRANAIRE DUCRU,Chateau Branaire Ducru
80,RUINART Rosé,Ruinart Rose
81,BARDE HAUT,Chateau Barde Haut
82,"DOMAINE DU BOUSCAT ""Les Portes de l'Am…"" ",Domaine du Bouscat Les Portes de L'Am
83,KIRWAN,Chateau Kirwan
84,DAUZAC,Chateau Dauzac
85,MARSAC SEGUINEAU,Chateau Marsac Seguineau
86,PAPE CLEMENT BLANC,Chateau Pape Clement Blanc
87,GUIGAL LA LANDONNE,E. Guigal La Landonne
88,BERLIQUET,Chateau Berliquet
89,MISSION HAUT BRION Blanc,Chateau La Mission Haut Brion Blanc
90,BELLEGRAVE,Chateau Bellegrave
91,CLINET,Chateau Clinet
92,BILLECART SALMON,Billecart Salmon
93,TOUR CARNET (LA),Chateau La Tour Carnet
94,CANTEMERLE,Chateau Cantemerle
95,CLOS PUY ARNAUD Cuvée Pervenche,Clos Puy Arnaud Cuvee Pervenche
96,DRC/ROMANEE CONTI,DRC Romanee Conti
97,BOLAIRE,Chateau Bolaire
98,PETIT FAURIE DE SOUTARD,Chateau Petit Faurie Soutard
99,VILLEMAURINE,Chateau Villemaurine
100,DOM PERIGNON (P3),Dom Perignon P3
101,MALLE (DE),Chateau de Malle
102,"DOMAINE DU BOUSCAT ""Caduce""",Domaine du Bouscat Caduce
103,ALMAVIVA,Almaviva
104,CARBONNIEUX Blanc,Chateau Carbonnieux Blanc
105,GRUAUD LAROSE,Chateau Gruaud Larose
106,RAUZAN SEGLA,Chateau Rauzan Segla
107,LAFLEUR,Chateau Lafleur
108,DURFORT VIVENS,Chateau Durfort Vivens
109,ARSAC (D'),Chateau d’Arsac
110,MONDOTTE (LA),La Mondotte
111,TOUR CARNET (LA) Blanc,Chateau La Tour Carnet Blanc
112,GAY (LE),Chateau Le Gay
113,NENIN,Chateau Nenin
114,CHARLES HEIDSIECK Brut,Charles Heidsieck Brut
115,Maison Leroy - Montagny,Maison Leroy Montagny
116,PAVIE,Chateau Pavie
117,FOMBRAUGE,Chateau Fombrauge
118,LARRIVET HAUT BRION Blanc,Chateau Larrivet Haut Brion Blanc
119,CAMBON LA PELOUSE,Chateau Cambon Le Pelouse
120,CLOS DE L'ORATOIRE,Clos de l’Oratoire
121,PALOUMEY,Chateau Paloumey
122,DRC/RICHEBOURG,DRC Richebourg
123,MUMM Rosé,Mumm Rose
124,FONROQUE,Chateau Fonroque
125,LASCOMBES,Chateau Lascombes
126,PONTET CANET,Chateau Pontet Canet
127,HAUT BAGES LIBERAL,Chateau Haut Bages Liberal
128,PEDESCLAUX,Chateau Pedesclaux
129,CANON LA GAFFELIERE ,Chateau Canon La Gaffeliere
130,LANESSAN,Chateau Lanessan
131,CONSEILLANTE (LA),Chateau La Conseillante
132,TROPLONG MONDOT,Chateau Troplong Mondot
133,MONTLISSE,Chateau Montlisse
134,LATOUR MARTILLAC Rouge,Chateau Latour Martillac Rouge
135,COS D'ESTOURNEL BLANC,Chateau Cos d'Estournel Blanc
136,LYNCH BAGES,Chateau Lynch Bages
137,LATOUR MARTILLAC Blanc,Chateau Latour Martillac Blanc
138,MOULIN HAUT LAROQUE,Chateau Moulin de la Roque
139,DRC/MONTRACHET,DRC Montrachet
140,ESCURAC (D'),Chateau d’Escurac
141,CROIX DE LABRIE,Chateau Croix de Labrie
142,DASSAULT,Chateau Dassault
143,LARMANDE,Chateau Larmande
144,SMITH HAUT LAFITTE Blanc,Chateau Smith Haut Lafitte Blanc
145,DOISY DAËNE,Chateau Doisy Daene
146,MUMM BRUT,Mumm Brut
147,GAFFELIERE (LA),Chateau La Gaffeliere
148,PAVIE MACQUIN,Chateau Pavie Macquin
149,CARBONNIEUX Rouge,Chateau Carbonnieux Rouge
150,BOLLINGER Spécial Cuvée ,Bollinger Special Cuvee
151,CLOS FLORIDENE Blanc,Clos Floridene Blanc
152,Maison Leroy - Volnay,Maison Leroy Volnay
153,LABEGORCE,Chateau Labegorce
154,TOUR DES TERMES,Chateau Tour des Termes
155,GRAND PUY LACOSTE,Chateau Grand Puy Lacoste
156,CLAUZET,Chateau Clauzet
157,CHAPOUTIER HERMITAGE BLANC,Chapoutier Hermitage Blanc
158,CLOS FLORIDENE Rouge,Clos Floridene Rouge
159,DOM PERIGNON,Dom Perignon
160,YON FIGEAC,Chateau Yon Figeac
161,HAURA,Chateau Haura
162,PIN (LE),Chateau Le Pin
163,FONBADET,Chateau Fonbadet
164,COS LABORY,Chateau Cos Labory
165,MONT PERAT Rouge,Chateau Mont Perat Rouge
166,FERRIERE,Chateau Ferriere
167,VIOLETTE (LA),Chateau La Violette
168,SENA,Sena
169,FONREAUD,Chateau Fonreaud
170,SUDUIRAUT ,Chateau Suduiraut
171,CLOS DES JACOBINS,Clos des Jacobins
172,TAILLEFER,Chateau Taillefer
173,ANGLUDET (D'),Chateau d’Angludet
174,FAUGERES,Chateau Faugeres
175,MYRAT,Chateau de Myrat
176,BEYCHEVELLE,Chateau Beychevelle
177,BOLLINGER La Grande Année,Bollinger La Grande Annee
178,PERRIER JOUET Brut,Perrier Jouet Brut
179,BRANE CANTENAC,Chateau Brane Cantenac
180,LAFLEUR GAZIN,Chateau Lafleur Gazin
181,PIN (Le),Chateau Le Pin
182,LEOVILLE POYFERRE,Chateau Leoville Poyferre
183,SERILHAN,Chateau Serilhan
184,VILLARS,Chateau Villars
185,TAITTINGER - Comtes de Champagne,Taittinger Comtes de Champagne
186,ARROSEE (L'),Chateau L’Arrosee
187,DURFORT-VIVENS,Chateau Durfort Vivens
188,GRAND PUY DUCASSE,Chateau Grand Puy Ducasse
189,SOCIANDO MALLET,Chateau Sociando Mallet
190,GRANDES MURAILLES,Chateau Les Grandes Murailles
191,LANGOA BARTON,Chateau Langoa Barton
192,CABANNE (LA),Chateau La Cabanne
193,FILHOT,Chateau Filhot
194,MONTROSE,Chateau Montrose
195,DESMIRAIL,Chateau Desmirail
196,MARGAUX,Chateau Margaux
197,SIGALAS RABAUD,Chateau Sigalas Rabaud
198,Maison Leroy - Chambertin,Maison Leroy Chambertin
199,GUIRAUD,Chateau Guiraud
200,HAUT MARBUZET,Chateau Haut Marbuzet
201,LAGRANGE,Chateau Lagrange
202,MAUCAILLOU,Chateau Maucaillou
203,COME,Chateau de Come
204,TALBOT,Chateau Talbot
205,FLEUR CARDINALE,Chateau Fleur Cardinale
206,BELGRAVE,Chateau Belgrave
207,AUSONE,Chateau Ausone
208,PEBY FAUGERES,Chateau Peby Faugeres
209,BILLECART SALMON Rosé,Billecart Salmon Rose
210,GLORIA,Chateau Gloria
211,POTENSAC,Chateau Potensac
212,HOSANNA,Chateau Hosanna
213,LATOUR,Chateau Latour
214,POUJEAUX,Chateau Poujeaux
215,FIGEAC,Chateau Figeac
216,FERRAND,Chateau de Ferrand
217,LAFON ROCHET,Chateau Lafon Rochet
218,TOUR BLANCHE (LA),Chateau La Tour Blanche
219,ROL VALENTIN,Chateau Rol Valentin
220,FOURCAS HOSTEN,Chateau Fourcas Hosten
221,HAUT BRION Blanc,Chateau Haut Brion Blanc
222,CLIMENS,Chateau Climens
223,CANON LA GAFFELIERE,Chateau Canon La Gaffeliere
224,CANTENAC BROWN,Chateau Cantenac Brown
225,DAUPHINE (DE LA),Chateau de La Dauphine
226,GRAND CORBIN,Chateau Grand Corbin
227,ISSAN (D'),Chateau d’Issan
228,COUTET,Chateau Coutet
229,HAUT CARLES,Chateau Haut Carles
230,FRANC MAYNE,Chateau Franc Mayne
231,TROTANOY,Chateau Trotanoy
232,SIRAN,Chateau Siran
233,DRC/GRANDS ECHEZEAUX,DRC Grands Echezeaux
234,SIAURAC,Chateau Siaurac
235,BELLEVUE MONDOTTE,Chateau Bellevue Mondotte
236,DOM PERIGNON OENOTHEQUE,Dom Perignon Oenotheque
237,LEOVILLE LAS CASES,Chateau Leoville Las Cases
238,MARGAUX ,Chateau Margaux
239,RUINART BRUT,Ruinart Brut
240,LAFITE ROTHSCHILD,Chateau Lafite Rothschild
241,DRC/ROMANEE SAINT VIVANT,DRC Romanee Saint Vivant
242,VIEILLE CURE (LA),Chateau La Vieille Cure
243,CHARMAIL,Chateau Charmail
244,LEOVILLE BARTON,Chateau Leoville Barton
245,ORNELLAIA,Ornellaia
246,BATAILLEY,Chateau Batailley
247,BOYD CANTENAC,Chateau Boyd Cantenac
248,CLOS FOURTET,Clos Fourtet
249,GRACIA,Chateau Gracia
250,DOISY VEDRINES,Chateau Doisy Vedrines
251,DESTIEUX,Chateau Destieux
252,SUDUIRAUT,Chateau Suduiraut
253,MOUTON ROTHSCHILD,Chateau Mouton Rothschild
254,PALMER,Chateau Palmer
255,Maison Leroy - Nuits Saint Georges,Maison Leroy Nuits Saint Georges
256,TOUR DE PEZ,Chateau Tour de Pez
257,LARCIS DUCASSE,Chateau Larcis Ducasse
258,TERTRE (DU),Chateau du Tertre
259,EGLISE CLINET (L'),Chateau L'Eglise Clinet
260,CANON,Chateau Canon
261,GAZIN,Chateau Gazin
262,DUHART MILON,Chateau Duhart Milon
263,KRUG Rosé,Krug Rose
264,CAP DE MOURLIN,Chateau Cap de Mourlin
265,COTEAU,Chateau Le Coteau
266,LILIAN LADOUYS,Chateau Lilian Ladouys
267,BEAU-SEJOUR BECOT,Chateau Beau Sejour Becot
268,MONBOUSQUET Blanc,Chateau Monbousquet Blanc
269,LYNCH BAGES / BLANC (DE),Chateau Lynch Bages Blanc
270,AIGUILHE (D'),Chateau d'Aiguilhe
271,HAUT BAILLY,Chateau Haut Bailly
272,LYNCH MOUSSAS,Chateau Lynch Moussas
273,GRAND CORBIN DESPAGNE,Chateau Grand Corbin Despagne
274,GISCOURS,Chateau Giscours
275,PERRIER JOUET Belle Epoque,Perrier Jouet Belle Epoque
276,SOUTARD,Chateau Soutard
277,PETRUS,Petrus
278,GRAND PUY LACOSTE,Chateau Grand Puy Lacoste
279,CLIMENS,Chateau Climens
280,TROPLONG MONDOT,Chateau Troplong Mondot
281,PUYGUERAUD,Chateau Puygueraud
282,LES GRANDES MURAILLES,Chateau Les Grandes Murailles
283,HAUT BAGES AVEROUS,Chateau Haut Bages Averous
284,CLINET ,Chateau Clinet
285,CLOS DU MARQUIS,Clos du Marquis
286,CANON LA GAFFELIERE,Chateau Canon La Gaffeliere
287,DULUC DE BRANAIRE DUCRU,Duluc de Branaire Ducru
288,ORMES DE PEZ,Chateau Les Ormes de Pez
289,RIEUSSEC,Chateau Rieussec
290,GAJA CONTESIA,Gaja Conteisa
291,MONBRISON,Chateau Monbrison
292,LAFITE ROTHSCHILD,Chateau Lafite Rothschild
293,LANGOA BARTON,Chateau Langoa Barton
294,DOMAINE DE CHEVALIER BLANC,Domaine de Chevalier Blanc
295,CANTEMERLE,Chateau Cantemerle
296,LYNCH BAGES,Chateau Lynch Bages
297,COUTET,Chateau Coutet
298,CLOTTE (LA),Chateau La Clotte
299,VALANDRAUD,Chateau Valandraud
300,BON PASTEUR,Chateau Le Bon Pasteur
301,PAPE CLEMENT BLANC,Chateau Pape Clement Blanc
302,MEYNEY,Chateau Meyney
303,ARMAILHAC,Chateau d’Armailhac
304,VEGA SICILIA UNICO,Vega Sicilia Unico
305,FORTS DE LATOUR,Les Forts de Latour
306,LA CONSEILLANTE,Chateau La Conseillante
307,PETIT VILLAGE,Chateau Petit Village
308,BEAUREGARD,Chateau Beauregard
309,HAUT BAGES LIBERAL,Chateau Haut Bages Liberal
310,LE GAY,Chateau Le Gay
311,LA FLEUR DE BOUARD,Chateau La Fleur de Bouard
312,Y D'YQUEM,"""Y"" d'Yquem"
313,SOLAIA,Solaia
314,LARRIVAUX,Chateau Larrivaux
315,LEOVILLE LAS CASES,Chateau Leoville Las Cases
316,DOISY DAENE BLANC,Chateau Doisy Daene Blanc
317,RABAUD PROMIS,Chateau Raubaud Promis
318,LA MISSION HAUT BRION BLANC,Chateau La Mission Haut Brion Blanc
319,GAJA BARBARESCO,Gaja Barbaresco
320,LATOUR A POMEROL  ,Chateau Latour a Pomerol
321,MONTROSE ,Chateau Montrose
322,ALLEES DE CANTEMERLE,Les Allees de Cantemerle
323,MARQUIS DE TERME  ,Chateau Marquis de Terme
324,ROUGET,Chateau Rouget
325,GRAND MAYNE,Chateau Grand Mayne
326,GRUAUD LAROSE,Chateau Gruaud Larose
327,LA DOMINIQUE,Chateau La Dominique
328,RAUZAN SEGLA,Chateau Rauzan Segla
329,FEYTIT CLINET,Chateau Feytit Clinet
330,GAJA SPERSS,Gaja Sperss
331,CLOS DES JACOBINS,Clos des Jacobins
332,EVANGILE,Chateau L'Evangile
333,CROIZET BAGES,Chateau Croizet Bages
334,LES HAUTS DE PONTET CANET,Hauts de Pontet Canet
335,MOULIN D ISSAN,Moulin d'Issan
336,TOUR CARNET,Chateau La Tour Carnet
337,SUDUIRAUT  ,Chateau Suduiraut
338,ALMAVIVA ,Almaviva
339,ANGELUS,Chateau Angelus
340,LA VIOLETTE,Chateau La Violette
341,PAGODES DE COS,Pagodes de Cos
342,LEOVILLE BARTON ,Chateau Leoville Barton
343,PAPE CLEMENT ROUGE ,Chateau Pape Clement Rouge
344,CHARMAIL,Chateau Charmail
345,ISSAN,Chateau d’Issan
346,FAUGERES,Chateau Faugeres
347,CLARTE DE HAUT BRION,La Clarte de Haut Brion
348,R DE RIEUSSEC,Chateau Rieussec
349,CANTENAC BROWN  ,Chateau Cantenac Brown
350,ECHO DE LYNCH BAGES,Echo de Lynch Bages
351,GRIFFONS DE PICHON BARON,Les Griffons de Pichon Baron
352,CROIX DE BEAUCAILLOU,Croix de Beaucaillou
353,GAJA COSTA RUSSI,Gaja Costa Russi
354,CAMENSAC,Chateau Camensac
355,CHAUVIN,Chateau Chauvin
356,SIRENE DE GISCOURS,Le Sirene de Giscours
357,NENIN,Chateau Nenin
358,PAVIE,Chateau Pavie
359,LA CROIX DE GAY,Chateau La Croix de Gay
360,FOMBRAUGE,Chateau Fombrauge
361,LA CROIX SAINT GEORGES,Chateau La Croix Saint Georges
362,BRANE CANTENAC,Chateau Brane Cantenac
363,PAVIE MACQUIN,Chateau Pavie Macquin
364,BARON DE BRANE,Baron de Brane
365,HAUT MARBUZET,Chateau Haut Marbuzet
366,BELLEVUE  ,Chateau Bellevue
367,PARDES DE HAUT BAILLY,La Parde Haut Bailly
368,CLOS DE L'ORATOIRE,Clos de l’Oratoire
369,LEOVILLE POYFERRE,Chateau Leoville Poyferre
370,TROTTEVIELLE,Chateau Trotte Vieille
371,D'AIGUILHE,Chateau d'Aiguilhe
372,RESERVE DE LA COMTESSE,Reserve de la Comtesse
373,HAUT BERGEY,Chateau Le Bergey
374,LA MISSION HAUT BRION,Chateau Mission Haut Brion
375,LE SAINT ESTEPHE DE MONTROSE,Le Saint Estephe de Montrose
376,PRELUDE A GRAND PUY DUCASSE,Prelude a Grand Puy Ducasse
377,DAME DE MONTROSE ,La Dame de Montrose
378,CLOS L'EGLISE,Chateau Clos L'Eglise
379,BERNADOTTE,Chateau Bernadotte
380,CLOS FOURTET  ,Clos Fourtet
381,L'AVENTURE ESTATE CUVEE,L'Aventure Estate Cuvee
382,BELLEFONT BELCIER,Chateau Bellefont Belcier
383,PALMER,Chateau Palmer
384,TROTANOY,Chateau Trotanoy
385,DRAGON DE QUINTUS,Le Dragon de Quintus
386,GRAND PUY DUCASSE,Chateau Grand Puy Ducasse
387,SOCIANDO MALLET,Chateau Sociando Mallet
388,FIEFS DE LAGRANGE,Les Fiefs de Lagrange
389,PONTET CANET,Chateau Pontet Canet
390,PHELAN SEGUR,Chateau Phelan Segur
391,GRAVETTE DE CERTAN,Gravette de Certain
392,TERTRE ROTEBOEUF,Chateau Tertre Roteboeuf
393,LARCIS DUCASSE,Chateau Larcis Ducasse
394,MOUTON ROTHSCHILD,Chateau Mouton Rothschild
395,SAINT PIERRE,Chateau Saint Pierre
396,MALESCOT SAINT EXUPERY,Chateau Malescot Saint Exupery
397,VIRGINIE DE VALANDRAUD BLANC,Virginie de Valandraud Blanc
398,TOUR BLANCHE,Chateau La Tour Blanche
399,LANESSAN,Chateau Lanessan
400,PEDESCLAUX,Chateau Pedesclaux
401,COS D'ESTOURNEL  blanc,Chateau Cos d'Estournel Blanc
402,BLASON D ISSAN,Blason d'Issan
403,LA FLEUR DE GAY,Chateau La Fleur de Gay
404,SAINT GEORGES COTE PAVIE,Chateau Saint Georges Cote Pavie
405,YQUEM  ,Chateau d'Yquem
406,QUINAULT L'ENCLOS,Chateau Quinault L’Enclos
407,MARGAUX,Chateau Margaux
408,DUHART MILON,Chateau Duhart Milon
409,CHEVALIER DE LASCOMBES   ,Chevalier de Lascombes
410,TENUTA SAN GUIDO GUIDALBERTO,Tenuta San Guido Guidalberto
411,BEAUSEJOUR BECOT,Chateau Beau Sejour Becot
412,HAUT BATAILLEY,Chateau Batailley
413,GUIRAUD,Chateau Guiraud
414,TRONQUOY LALANDE,Chateau Tronquoy Lalande
415,L'AVENTURE OPTIMUS,L'Aventure Optimus
416,LAGRANGE,Chateau Lagrange
417,GAZIN,Chateau Gazin
418,POITEVIN,Chateau Poitevin
419,LATOUR  ,Chateau Latour
420,RAYNE VIGNEAU,Chateau Rayne Vigneau
421,LILIAN LADOUYS,Chateau Lilian Ladouys
422,PIBRAN,Chateau Pibran
423,FLEUR CARDINALE,Chateau Fleur Cardinale
424,AUSONE,Chateau Ausone
425,L'AVENTURE COTE A COTE,L'Aventure Cote a Cote
426,CHEVAL BLANC,Chateau Cheval Blanc
427,MARQUIS DE MONS,Marquis de Mons
428,PEBY FAUGERES,Chateau Peby Faugeres
429,MASSETO,Masseto
430,GLORIA,Chateau Gloria
431,BELLEVUE MONDOTTE  ,Chateau Bellevue Mondotte
432,BELLEGRAVE  ,Chateau Bellegrave
433,LES CARMES HAUT BRION,Chateau Les Carmes Haut Brion
434,TEYSSIER,Chateau Teyssier
435,TAILLEFER,Chateau Taillefer
436,SASSICAIA,Sassicaia
437,EGLISE CLINET,Chateau L'Eglise Clinet
438,TERTRE,Chateau du Tertre
439,PRIEURE LICHINE,Chateau Prieure Lichine
440,TALBOT,Chateau Talbot
441,CROIX DE LABRIE,Chateau Croix de Labrie
442,DURFORT VIVENS,Chateau Durfort Vivens
443,DOMINUS ,Dominus
444,SIRAN,Chateau Siran
445,LABEGORCE  ,Chateau Labegorce
446,TOUR FIGEAC,Chateau La Tour Figeac
447,LAFON ROCHET,Chateau Lafon Rochet
448,GUADO AL TASSO,Tenuta Guado al Tasso
449,POUJEAUX,Chateau Poujeaux
450,LARMANDE,Chateau Larmande
451,MOULIN SAINT GEORGES,Chateau Moulin Saint Georges
452,GOULEE BY COS D'ESTOURNEL,Goulee by Cos d’Estournel
453,LALANDE BORIE,Chateau Lalande Borie
454,DUCRU BEAUCAILLOU ,Chateau Ducru Beaucaillou
455,COS LABORY  ,Chateau Cos Labory
456,FLEUR DE PEDESCLAUX,Fleur de Pedesclaux
457,CANON  ,Chateau Canon
458,FIGEAC,Chateau Figeac
459,GAFFELIERE (LA),Chateau La Gaffeliere
460,LE MARQUIS DE CALON SEGUR,Le Marquis de Calon Segur
461,PAVIE DECESSE,Chateau Pavie Decesse
462,HAUT BAILLY,Chateau Haut Bailly
463,LES CHARMES GODARD,Chateau Les Charmes Godard
464,LA CROIX DU CASSE,Chateau La Croix du Casse
465,LASCOMBES,Chateau Lascombes
466,BRANAIRE DUCRU,Chateau Branaire Ducru
467,DASSAULT,Chateau Dassault
468,GAJA SORI TILDIN,Gaja Sori Tildin
469,LYNCH MOUSSAS,Chateau Lynch Moussas
470,HAUT MEDOC DE GISCOURS,Le Haut Medoc de Giscours
471,TOUR SAINT BONNET,Chateau Tour Saint Bonnet
472,CONNETABLE DE TALBOT,Connetable Talbot
473,LACOSTE BORIE,Lacoste Borie
474,SARGET DE GRUAUD LAROSE,Sarget de Gruaud Larose
475,DU GLANA,Chateau du Glana
476,LA FLEUR PETRUS,Chateau La Fleur Petrus
477,CAP DE FAUGERES,Chateau Cap de Faugeres
478,GISCOURS,Chateau Giscours
479,PENSEES DE LA TOUR CARNET,Les Pensees de la Tour Carnet
480,PETRUS,Petrus
481,PELLERINS DE LAFON ROCHET,Les Pelerins de Lafon Rochet
482,BARDE HAUT,Chateau Barde Haut
483,L'AVENTURE ESTATE CABERNET,L'Aventure Estate Cabernet
484,CLOS FLORIDENE Blanc,Clos Floridene Blanc
485,KIRWAN,Chateau Kirwan
486,LES CARMES DE RIEUSSEC,Carmes de Rieussec
487,LA LAGUNE ,Chateau La Lagune
488,DAUZAC,Chateau Dauzac
489,CONFIDENCES DE PRIEURE LICHINE  ,Confidences de Prieure Lichine
490,CARBONNIEUX  BLANC,Chateau Carbonnieux Blanc
491,BEYCHEVELLE  ,Chateau Beychevelle
492,POTENSAC,Chateau Potensac
493,CALON SEGUR  ,Chateau Calon Segur
494,MEYNEY ,Chateau Meyney
495,LAFAURIE-PEYRAGUEY,Chateau Lafaurie Peyraguey
496,CLIMENS,Chateau Climens
497,MAUVESIN BARTON ,Chateau Mauvesin Barton
498,MALARTIC-LAGRAVIERE ROUGE,Chateau Malartic Lagraviere Rouge
499,FUGUE DE NENIN,Fugue de Nenin
500,BRANAIRE DUCRU ,Chateau Branaire Ducru
501,CLINET ,Chateau Clinet
502,CLOS DU MARQUIS,Clos du Marquis
503,CANON LA GAFFELIERE,Chateau Canon La Gaffeliere
504,CLINET,Chateau Clinet
505,RIEUSSEC,Chateau Rieussec
506,FARGUES,Chateau de Fargues
507,PAPE CLEMENT BLANC,Chateau Pape Clement Blanc
508,CROIX DE GAY (La) ,Chateau La Croix de Gay
509,LANGOA BARTON,Chateau Langoa Barton
510,ARMAILHAC (d'),Chateau d’Armailhac
511,FERRAND (de),Chateau de Ferrand
512,GRAND PUY DUCASSE ,Chateau Grand Puy Ducasse
513,COUTET,Chateau Coutet
514,ECHO DE LYNCH BAGES ,Echo de Lynch Bages
515,TALBOT ,Chateau Talbot
516,CARBONNIEUX ROUGE ,Chateau Carbonnieux Rouge
517,SIAURAC,Chateau Siaurac
518,DOMAINE DE CHEVALIER ROUGE ,Domaine de Chevalier Rouge
519,HAUT-BATAILLEY,Chateau Batailley
520,RAUZAN-SEGLA ,Chateau Rauzan Segla
521,SOCIANDO-MALLET ,Chateau Sociando Mallet
522,PRIEURE (Le) ,Chateau Le Prieure
523,GRUAUD LAROSE,Chateau Gruaud Larose
524,LATOUR-MARTILLAC BLANC,Chateau Latour Martillac Blanc
525,FLEUR DE GAY (la),Chateau La Fleur de Gay
526,LILIAN LADOUYS ,Chateau Lilian Ladouys
527,MALARTIC-LAGRAVIERE BLANC,Chateau Malartic Lagraviere Blanc
528,EVANGILE,Chateau L'Evangile
529,LEOVILLE LAS CASES,Chateau Leoville Las Cases
530,LAFITE ROTHSCHILD ,Chateau Lafite Rothschild
531,CALON-SEGUR,Chateau Calon Segur
532,LYNCH BAGES,Chateau Lynch Bages
533,ISSAN,Chateau d’Issan
534,LAFITE ROTHSCHILD,Chateau Lafite Rothschild
535,SARGET DE GRUAUD LAROSE ,Sarget de Gruaud Larose
536,CAMENSAC,Chateau Camensac
537,NENIN,Chateau Nenin
538,LALANDE BORIE ,Chateau Lalande Borie
539,CLOS FOURTET,Clos Fourtet
540,SMITH HAUT LAFITTE ROUGE ,Chateau Smith Haut Lafitte Rouge
541,HAUT-MARBUZET,Chateau Haut Marbuzet
542,MONDOTTE (La),La Mondotte
543,POUJEAUX ,Chateau Poujeaux
544,PICHON LONGUEVILLE BARON,Chateau Pichon Longueville Baron
545,GAFFELIERE (la) ,Chateau La Gaffeliere
546,PAGODES DE COS ,Pagodes de Cos
547,SUDUIRAUT,Chateau Suduiraut
548,ORMES DE PEZ,Chateau Les Ormes de Pez
549,CAPBERN GASQUETON ,Chateau Capbern Gasqueton
550,GLANA ,Chateau du Glana
551,CARBONNIEUX ROUGE,Chateau Carbonnieux Rouge
552,SAINT PIERRE ,Chateau Saint Pierre
553,MONTROSE,Chateau Montrose
554,MOUTON ROTHSCHILD,Chateau Mouton Rothschild
555,CANON,Chateau Canon
556,CONSEILLANTE (La) ,Chateau La Conseillante
557,PONTET-CANET,Chateau Pontet Canet
558,LAFON-ROCHET ,Chateau Lafon Rochet
559,PEDESCLAUX,Chateau Pedesclaux
560,DUCRU BEAUCAILLOU,Chateau Ducru Beaucaillou
561,GAZIN,Chateau Gazin
562,HAUT-BATAILLEY ,Chateau Batailley
563,MARGAUX,Chateau Margaux
564,DUHART MILON,Chateau Duhart Milon
565,LEOVILLE-POYFERRE,Chateau Leoville Poyferre
566,GAY (le) ,Chateau Le Gay
567,GUIRAUD,Chateau Guiraud
568,LAGRANGE,Chateau Lagrange
569,LEOVILLE-BARTON,Chateau Leoville Barton
570,HAUT-BAILLY,Chateau Haut Bailly
571,SOUTARD ,Chateau Soutard
572,CALON SEGUR,Chateau Calon Segur
573,MONTROSE ,Chateau Montrose
574,BLASON D'ISSAN ,Blason d'Issan
575,GRAND-PUY-LACOSTE,Chateau Grand Puy Lacoste
576,LASCOMBES ,Chateau Lascombes
577,TERTRE (du),Chateau du Tertre
578,VRAI CROIX DE GAY (la),Chateau Vray Croix de Gay
579,CHEVAL BLANC,Chateau Cheval Blanc
580,GISCOURS ,Chateau Giscours
581,YQUEM ,Chateau d'Yquem
582,GLORIA,Chateau Gloria
583,PONTET-CANET ,Chateau Pontet Canet
584,FOURCAS DUPRE ,Chateau Fourcas Dupre
585,POTENSAC,Chateau Potensac
586,BRANE CANTENAC ,Chateau Brane Cantenac
587,TOUR DE MONS (la),Chateau La Tour de Mons
588,CANON ,Chateau Canon
589,ISSAN ,Chateau d’Issan
590,HAUT-BAILLY ,Chateau Haut Bailly
591,ANGELUS ,Chateau Angelus
592,COUSPAUDE (La) ,Chateau La Couspaude
593,Y d'YQUEM ,"""Y"" d'Yquem"
594,YQUEM,Chateau d'Yquem
595,PAVIE MACQUIN ,Chateau Pavie Macquin
596,VALANDRAUD,Chateau Valandraud
597,FIGEAC,Chateau Figeac
598,PEDESCLAUX ,Chateau Pedesclaux
599,FOMBRAUGE ,Chateau Fombrauge
600,DAME DE MONTROSE,La Dame de Montrose
601,FLEUR CARDINALE ,Chateau Fleur Cardinale
602,BEYCHEVELLE ,Chateau Beychevelle
603,EGLISE-CLINET,Chateau L'Eglise Clinet
604,SOCIANDO-MALLET,Chateau Sociando Mallet
605,CARBONNIEUX BLANC ,Chateau Carbonnieux Blanc
606,HAUT MEDOC DE LAGRANGE ,Le Haut Medoc de Lagrange
607,GISCOURS,Chateau Giscours
608,TAILLAN (du) ,Chateau du Taillan
609,DAUZAC,Chateau Dauzac
610,LAGRANGE ,Chateau Lagrange
611,LEOVILLE-BARTON ,Chateau Leoville Barton
612,LES PENSEES DE LA TOUR CARNET,Les Pensees de la Tour Carnet
613,DULUC DE BRANAIRE DUCRU,Duluc de Branaire Ducru
614,CLOS DU MARQUIS,Clos du Marquis
615,CLOS MARSALETTE ROUGE,Clos Marsalette Rouge
616,CLOS FLORIDENE ROUGE,Clos Floridene Rouge
617,CONFIDENCES DE PRIEURE LICHIN,Confidences de Prieure Lichine
618,CHATEAU LASCOMBES,Chateau Lascombes
619,CHATEAU CROIZET-BAGES,Chateau Croizet Bages
620,CHATEAU L'EGLISE-CLINET,Chateau L'Eglise Clinet
621,CHATEAU VILLARS,Chateau Villars
622,CHATEAU VRAI CANON BOUCHE,Chateau Vrai Canon Bouche
623,CHATEAU BROWN BLANC,Chateau Brown Blanc
624,CHATEAU KIRWAN,Chateau Kirwan
625,CHATEAU LANESSAN,Chateau Lanessan
626,CHATEAU LA CONSEILLANTE,Chateau La Conseillante
627,CHATEAU LATOUR A POMEROL,Chateau Latour a Pomerol
628,CHATEAU HAUT BRISSON,Chateau Haut Brisson
629,CHATEAU FERRIERE,Chateau Ferriere
630,CHATEAU JOANIN BECOT,Chateau Joanin Becot
631,CHATEAU BRANON,Chateau Branon
632,CHATEAU PEDESCLAUX,Chateau Pedesclaux
633,CHATEAU BRANAIRE DUCRU,Chateau Branaire Ducru
634,CHATEAU HOSANNA,Chateau Hosanna
635,CHATEAU TROPLONG-MONDOT,Chateau Troplong Mondot
636,LE CLARENCE DE HAUT BRION,Le Clarence de Haut Brion
637,CHATEAU LE BON PASTEUR,Chateau Le Bon Pasteur
638,LES GRIFFONS DE PICHON BARON,Les Griffons de Pichon Baron
639,FRANK PHELAN,Chateau Frank Phelan
640,CHATEAU FOMBRAUGE,Chateau Fombrauge
641,CHATEAU CAPBERN,Chateau Calpbern
642,CHATEAU LAFLEUR,Chateau Lafleur
643,CHATEAU LA DAUPHINE,Chateau de La Dauphine
644,CHATEAU DE FIEUZAL ROUGE,Chateau de Fieuzal Rouge
645,CHATEAU LAFON-ROCHET,Chateau Lafon Rochet
646,CHATEAU LA FLEUR,Chateau La Fleur
647,CHATEAU SAINT PIERRE,Chateau Saint Pierre
648,LA SIRENE DE GISCOURS,Le Sirene de Giscours
649,CHATEAU GRAND PUY LACOSTE,Chateau Grand Puy Lacoste
650,CHATEAU L'ARROSEE,Chateau L’Arrosee
651,CHATEAU SUDUIRAUT,Chateau Suduiraut
652,CHATEAU D'ARMAILHAC,Chateau d’Armailhac
653,CHATEAU GUILLOT CLAUZEL,Chateau Guillot Clauzel
654,CLOS DES LUNES LUNE D'OR,Clos des Lunes Lune d'Or
655,CHATEAU FILHOT,Chateau Filhot
656,CHATEAU COUTET,Chateau Coutet
657,CHATEAU RAUZAN-SEGLA,Chateau Rauzan Segla
658,CHATEAU MONTROSE,Chateau Montrose
659,CHATEAU LA ROUSSELLE,Chateau La Rousselle
660,CHATEAU GRESSIER GRD POUJEAUX,Chateau Gressier Grand Poujeaux
661,DOMAINE DE CHEVALIER ROUGE,Domaine de Chevalier Rouge
662,CHATEAU MONBRISON,Chateau Monbrison
663,LA GRAVETTE DE CERTAN,Gravette de Certain
664,CHATEAU GISCOURS,Chateau Giscours
665,AROMES DE PAVIE,Aromes de Pavie
666,CHATEAU DEYREM VALENTIN,Chateau Deyrem Valentin
667,CHATEAU PONTET-CANET,Chateau Pontet Canet
668,GIROLATE BLANC,Chateau Girolate Blanc
669,CHATEAU LANGOA BARTON,Chateau Langoa Barton
670,CHATEAU LA FLEUR DE GAY,Chateau La Fleur de Gay
671,CHATEAU VALANDRAUD,Chateau Valandraud
672,CHATEAU SIGALAS RABAUD,Chateau Sigalas Rabaud
673,CHATEAU TROTANOY,Chateau Trotanoy
674,CLOS DES LUNES LUNE D'ARGENT,Clos des Lunes Lune d'Argent
675,CHATEAU LAVILLE HAUT BRION BLC,Chateau Laville Haut Brion
676,CHATEAU GABY,Chateau Gaby
677,CHATEAU HAUT BRISSON LA RESERV,Chateau Haut Brisson La Reserve
678,CHATEAU ARNAUTON,Chateau Arnauton
679,CHATEAU QUINAULT L'ENCLOS,Chateau Quinault L’Enclos
680,CHATEAU LES GRAVIERES,Chateau Les Gravieres
681,CHATEAU CANTEMERLE,Chateau Cantemerle
682,CHATEAU MEYNEY,Chateau Meyney
683,SARGET DE GRUAUD LAROSE,Sarget de Gruaud Larose
684,CHATEAU D'AURILHAC,Chateau d’Aurilhac
685,CHATEAU CITRAN,Chateau Citran
686,CHATEAU PALMER,Chateau Palmer
687,CHATEAU PRIEURE LICHINE,Chateau Prieure Lichine
688,CHATEAU LA FLEUR PEYRABON,Chateau La Fleur Peyrabon
689,LES PELERINS DE LAFON ROCHET,Les Pelerins de Lafon Rochet
690,CHATEAU POTENSAC,Chateau Potensac
691,CHATEAU D'ISSAN,Chateau d’Issan
692,CHATEAU LEOVILLE BARTON,Chateau Leoville Barton
693,LES FIEFS DE LAGRANGE,Les Fiefs de Lagrange
694,CHATEAU LA TOUR FIGEAC,Chateau La Tour Figeac
695,CHATEAU LES CARMES HAUT-BRION,Chateau Les Carmes Haut Brion
696,CHATEAU GLORIA,Chateau Gloria
697,CHATEAU CHARMAIL,Chateau Charmail
698,PAVILLON ROUGE DU CH.MARGAUX,Pavillon Rouge du Chateau Margaux
699,RESERVE DE LA COMTESSE,Reserve de la Comtesse
700,VIEUX CHATEAU CERTAN,Vieux Chateau Certan
701,LA PETITE EGLISE,La Petite Eglise
702,CHATEAU FEYTIT CLINET,Chateau Feytit Clinet
703,CHATEAU LYNCH-BAGES,Chateau Lynch Bages
704,CHATEAU LA BRIDANE,Chateau Bridane
705,CHATEAU PEYRABON,Chateau Peyrabon
706,CHATEAU CLIMENS,Chateau Climens
707,CHATEAU GRUAUD LAROSE,Chateau Gruaud Larose
708,CHATEAU LA LAGUNE,Chateau La Lagune
709,CHATEAU CLERC MILON,Chateau Clerc Milon
710,CHATEAU DU GLANA,Chateau du Glana
711,CHATEAU RAUZAN-GASSIES,Chateau Rauzan Gassies
712,CHATEAU MONTVIEL,Chateau Montviel
713,CHATEAU BELLEVUE MONDOTTE,Chateau Bellevue Mondotte
714,CHATEAU SIRAN,Chateau Siran
715,CHATEAU RAYNE VIGNEAU,Chateau Rayne Vigneau
716,CHATEAU BEAU-SEJOUR BECOT,Chateau Beau Sejour Becot
717,CHATEAU LALANDE-BORIE,Chateau Lalande Borie
718,LES FORTS DE LATOUR,Les Forts de Latour
719,CARRUADES DE LAFITE,Carruades de Lafite
720,CHATEAU LILIAN LADOUYS,Chateau Lilian Ladouys
721,CHATEAU TOUR SAINT-BONNET,Chateau Tour Saint Bonnet
722,CHATEAU BRANAS GRAND POUJEAUX,Chateau Branas Grand Poujeaux
723,CHATEAU LEOVILLE LAS CASES,Chateau Leoville Las Cases
724,CHATEAU TRONQUOY LALANDE,Chateau Tronquoy Lalande
725,FLEUR DE PEDESCLAUX,Fleur de Pedesclaux
726,PRELUDE A GRD PUY DUCASSE,Prelude a Grand Puy Ducasse
727,CHATEAU LES CRUZELLES,Chateau Les Cruzelles
728,CHATEAU LES ORMES DE PEZ,Chateau Les Ormes de Pez
729,CHATEAU POUJEAUX,Chateau Poujeaux
730,CHATEAU MALARTIC LAGRAVIERE RG,Chateau Malartic Lagraviere Rouge
731,CHATEAU PICQUE CAILLOU BLANC,Chateau Picque Caillou Blanc
732,SAINTEM,Chateau Saintem
733,CHATEAU LA CROIX DE GAY,Chateau La Croix de Gay
734,CHATEAU LA CLEMENCE,Chateau La Clemence
735,LA DAME DE MONTROSE,La Dame de Montrose
736,CHATEAU LA POINTE,Chateau La Pointe
737,CONNETABLE DU CH. TALBOT,Connetable Talbot
738,CHATEAU DUHART-MILON,Chateau Duhart Milon
739,CLOS DE L'ORATOIRE,Clos de l’Oratoire
740,CARMES DE RIEUSSEC,Carmes de Rieussec
741,CLOS L'EGLISE,Chateau Clos L'Eglise
742,CHATEAU LAFAURIE PEYRAGUEY,Chateau Lafaurie Peyraguey
743,LE PETIT LION/MARQUIS LAS CASE,Petit Lion du Marquis de Las Cases
744,CHATEAU CHEVAL BLANC,Chateau Cheval Blanc
745,CHATEAU MARJOSSE ROUGE,Chateau Marjosse Rouge
746,CHATEAU PETIT VILLAGE,Chateau Petit Village
747,CHATEAU HAURA,Chateau Haura
748,LES PAGODES DE COS,Pagodes de Cos
749,CLOS HAUT PEYRAGUEY,Chateau Clos Haut Peyraguey
750,CHATEAU PALOUMEY,Chateau Paloumey
751,CHATEAU LAROZE,Chateau Laroze
752,CHATEAU FIGEAC,Chateau Figeac
753,DOMAINE DE CHEVALIER BLANC,Domaine de Chevalier Blanc
754,CHATEAU RAYMOND LAFON,Chateau Raymond Lafon
755,CHATEAU VRAY CROIX DE GAY,Chateau Vray Croix de Gay
756,CHATEAU GUIRAUD,Chateau Guiraud
757,CHATEAU NENIN,Chateau Nenin
758,CHATEAU GRAND MAYNE,Chateau Grand Mayne
759,CHATEAU CALON SEGUR,Chateau Calon Segur
760,CHATEAU GRAND CORBIN DESPAGNE,Chateau Grand Corbin Despagne
761,CHATEAU HAUT BERGEY,Chateau Le Bergey
762,CHATEAU L'ENCLOS,Chateau L'Enclos
763,CLOS ST MARTIN,Clos St. Martin
764,CHATEAU CARBONNIEUX BLANC,Chateau Carbonnieux Blanc
765,CHATEAU LA CONFESSION,Chateau La Confession
766,CHATEAU CARONNE SAINTE GEMME,Chateau Caronne Sainte Gemme
767,CHATEAU LARMANDE,Chateau Larmande
768,CHATEAU BOYD CANTENAC,Chateau Boyd Cantenac
769,LA CROIX DE BEAUCAILLOU,Croix de Beaucaillou
770,CHATEAU CHAUVIN,Chateau Chauvin
771,CHATEAU DE FARGUES,Chateau de Fargues
772,LACOSTE-BORIE,Lacoste Borie
773,'R' DE RIEUSSEC,Chateau Rieussec
774,CHATEAU GRAND PUY DUCASSE,Chateau Grand Puy Ducasse
775,CHATEAU BELLEGRAVE,Chateau Bellegrave
776,CHATEAU LA FLEUR GAZIN,Chateau La Fleur Gazin
777,CHATEAU BELLEVUE,Chateau Bellevue
778,PAVILLON BLANC DU CH.MARGAUX,Pavillon Blanc du Chateau Margaux
779,CHATEAU FAURIE DE SOUCHARD,Chateau Faurie de Souchard
780,CHATEAU DURFORT-VIVENS,Chateau Durfort Vivens
781,CLOS LUNELLES,Clos Les Lunelles
782,CHATEAU CAMBON LA PELOUSE,Chateau Cambon Le Pelouse
783,CHATEAU BEAUREGARD,Chateau Beauregard
784,CHATEAU PUYGUERAUD,Chateau Puygueraud
785,CHATEAU LA DOMINIQUE,Chateau La Dominique
786,LA CLOSERIE DE CAMENSAC,La Closerie de Camensac
787,CHATEAU MAUVESIN BARTON,Chateau Mauvesin Barton
788,LA FLEUR DE BOUARD,Chateau La Fleur de Bouard
789,CHATEAU LA TOUR CARNET,Chateau La Tour Carnet
790,CHATEAU FONTENIL,Chateau Fontenil
791,CHATEAU TALBOT,Chateau Talbot
792,CHATEAU TAYAC,Chateau Tayac
793,20 MILLE,20 Mille
794,CHATEAU DE CAMENSAC,Chateau Camensac
795,CHATEAU TEYSSIER,Chateau Teyssier
796,MARGAUX DE BRANE,Margaux de Brane
797,CHATEAU D'YQUEM,Chateau d'Yquem
798,CHATEAU BEAUMONT,Chateau Beaumont
799,CHATEAU PHELAN-SEGUR,Chateau Phelan Segur
800,CLOS DES JACOBINS,Clos des Jacobins
801,CHATEAU LE GAY,Chateau Le Gay
802,LA FUGUE DE NENIN,Fugue de Nenin
803,CHATEAU COS LABORY,Chateau Cos Labory
804,CROIX DE BEAUCAILLOU,Croix de Beaucaillou
805,LES ALLEES DE CANTEMERLE,Les Allees de Cantemerle
806,CHATEAU CAPBERN GASQUETON,Chateau Capbern Gasqueton
807,CHATEAU LA VIOLETTE,Chateau La Violette
808,CHATEAU ANGELUS,Chateau Angelus
809,CHATEAU CORBIN,Chateau Corbin
810,PASTOURELLE DE CLERC MILON,Pastourelle de Clerc Milon
811,CHATEAU BERLIQUET,Chateau Berliquet
812,DRAGON DE QUINTUS,Le Dragon de Quintus
813,CHATEAU MONT PERAT BLANC,Chateau Mont Perat Blanc
814,CHATEAU DU TERTRE,Chateau du Tertre
815,CHATEAU SANCTUS,Chateau Sanctus
816,CHATEAU RABAUD PROMIS,Chateau Raubaud Promis
817,BARON DE BRANE,Baron de Brane
818,CHATEAU GRACIA,Chateau Gracia
819,CHATEAU MAZEYRES,Chateau Mazeyres
820,CHATEAU TOUR ST CHRISTOPHE,Chateau Tour Saint Christophe
821,CHATEAU PETIT BOCQ,Chateau Petit Bocq
822,CHATEAU COTE DE BALEAU,Chateau Cote de Baleau
823,CHATEAU FERRAN BLC,Chateau de Ferrand
824,CHATEAU LES GRANDES MURAILLES,Chateau Les Grandes Murailles
825,PRELUDE DE FOMBRAUGE,Preludge de Fombrauge
826,CHATEAU PAVIE,Chateau Pavie
827,CHATEAU BERNADOTTE,Chateau Bernadotte
828,LE HAUT MEDOC DE LAGRANGE,Le Haut Medoc de Lagrange
829,CHATEAU ROL VALENTIN,Chateau Rol Valentin
830,CHATEAU BROWN ROUGE,Chateau Brown Rouge
831,LA CHAPELLE DE POTENSAC,Chapelle de Pontensac
832,CHATEAU PAVIE-DECESSE,Chateau Pavie Decesse
833,CHATEAU PIBRAN,Chateau Pibran
834,CHATEAU BRANE CANTENAC,Chateau Brane Cantenac
835,CHATEAU MAUCAILLOU,Chateau Maucaillou
836,CHATEAU DUCRU-BEAUCAILLOU,Chateau Ducru Beaucaillou
837,CHATEAU SENEJAC,Chateau Senejac
838,LE PIN,Chateau Le Pin
839,CHATEAU MARGAUX,Chateau Margaux
840,CHATEAU CLINET,Chateau Clinet
841,LYNSOLENCE,Chateau Lynsolence
842,CHATEAU LE PRIEURE,Chateau Le Prieure
843,CHATEAU LA FLEUR PETRUS,Chateau La Fleur Petrus
844,CHATEAU LATOUR,Chateau Latour
845,CHATEAU BOUSCAUT BLANC,Chateau Bouscaut Blanc
846,CHATEAU HAUT BATAILLEY,Chateau Batailley
847,CHATEAU OLIVIER BLANC,Chateau Olivier Blanc
848,CHATEAU LARCIS-DUCASSE,Chateau Larcis Ducasse
849,CHATEAU ROUGET,Chateau Rouget
850,CHATEAU DASSAULT,Chateau Dassault
851,CHATEAU LEOVILLE POYFERRE,Chateau Leoville Poyferre
852,CHATEAU LE TERTRE ROTEBOEUF,Chateau Tertre Roteboeuf
853,CHATEAU BEYCHEVELLE,Chateau Beychevelle
854,CHATEAU SOCIANDO-MALLET,Chateau Sociando Mallet
855,'G' DE GUIRAUD,G de Chateau Guiraud
856,CHATEAU CAP DE FAUGERES,Chateau Cap de Faugeres
857,CHATEAU AUSONE,Chateau Ausone
858,ECHO DE LYNCH-BAGES,Echo de Lynch Bages
859,CHATEAU FONPLEGADE,Chateau Fonplegade
860,CH.BEL ORME TRONQUOY DE LALAND,Chateau Bel Orme Tronquoy de Lalande
861,CHATEAU MAGDELAINE,Chateau Magdelaine
862,CHATEAU VIEUX FERRAND,Chateau Vieux Ferrand
863,CHATEAU CLOS DE SARPE,Chateau Clos de Sarpe
864,CLOS LES LUNELLES,Clos Les Lunelles
865,CHATEAU CARBONNIEUX ROUGE,Chateau Carbonnieux Rouge
866,CLOS FOURTET,Clos Fourtet
867,CHATEAU GRAND PONTET,Chateau Grand Pontet
868,CHATEAU DOMEYNE,Chateau Domeyne
869,CHATEAU LAGRANGE,Chateau Lagrange
870,CHATEAU D'AIGUILHE,Chateau d'Aiguilhe
871,CHATEAU HAUT MARBUZET,Chateau Haut Marbuzet
872,CHATEAU VILLEMAURINE,Chateau Villemaurine
873,CHATEAU MOUTON-ROTHSCHILD,Chateau Mouton Rothschild
874,CHATEAU FLEUR CARDINALE,Chateau Fleur Cardinale
875,CHATEAU DAUZAC,Chateau Dauzac
876,CHATEAU DE SALES,Chateau de Sales
877,CHATEAU LA COUSPAUDE,Chateau La Couspaude
878,CHATEAU LAFITE ROTHSCHILD,Chateau Lafite Rothschild
879,CHEVALIER DE LASCOMBES,Chevalier de Lascombes
880,CLOS MARSALETTE BLANC,Clos Marsalette Blanc
881,CLOS FLORIDENE BLANC,Clos Floridene Blanc
882,CHATEAU HAUT BAGES LIBERAL,Chateau Haut Bages Liberal
883,CHATEAU CROIX DE LABRIE,Chateau Croix de Labrie
884,CHATEAU LA MISSION HAUT-BRION,Chateau Mission Haut Brion
885,CHATEAU L'EVANGILE,Chateau L'Evangile
886,CHATEAU BELLEFONT BELCIER,Chateau Bellefont Belcier
887,FLEUR DE FONPLEGADE,Fleur de Fonplegade
888,CHATEAU CLEMENT PICHON,Chateau Clement Pichon
889,CHATEAU CANON,Chateau Canon
890,CHATEAU CANON LA GAFFELIERE,Chateau Canon La Gaffeliere
891,MARQUIS DE MONS,Marquis de Mons
892,SAINT ESTEPHE DE MONTROSE,Le Saint Estephe de Montrose
893,LA MONDOTTE,La Mondotte
894,CHATEAU PAVIE-MACQUIN,Chateau Pavie Macquin
895,BRIO DE CANTENAC BROWN,Brio de Cantenac Brown
896,LES HAUTS DU TERTRE,Les Hauts du Tertre
897,CHATEAU HAUT BAILLY,Chateau Haut Bailly
898,CHATEAU LA GOMERIE,Chateau La Gomerie
899,CHATEAU PUYGUERAUD BLANC,Chateau Puygueraud Blanc
900,PETIT GUIRAUD,Petit Guiraud
901,CHATEAU QUINTUS,Chateau Quintus
902,CHATEAU TOUR DE BESSAN,Chateau La Tour de Bessan
903,CHATEAU GAZIN,Chateau Gazin
904,CHATEAU DU TAILHAS,Chateau du Tailhas
905,CHATEAU BARDE HAUT,Chateau Barde Haut
906,PETRUS,Petrus
907,CH. MALESCOT ST EXUPERY,Chateau Malescot Saint Exupery
908,CHATEAU LES GRANDS CHENES,Chateau Les Grands Chenes
909,CHATEAU RIEUSSEC,Chateau Rieussec
910,CHATEAU MONTLANDRIE,Chateau Monlandrie
911,Chateau Pontet-Canet,Chateau Pontet Canet
912,Chateau Rayne Vigneau,Chateau Rayne Vigneau
913,Chateau Cheval-Blanc,Chateau Cheval Blanc
914,Chateau Mouton Rothschild,Chateau Mouton Rothschild
915,Chateau Clinet,Chateau Clinet
916,DRC La Tache,DRC La Tache
917,Chateau Rieussec,Chateau Rieussec
918,Chateau Giscours,Chateau Giscours
919,DRC Romanee-Saint-Vivant,DRC Romanee Saint Vivant
920,Chateau Armailhac,Chateau d’Armailhac
921,Dom Perignon,Dom Perignon
922,Chapelle de la Mission Haut Brion,La Chapelle de La Mission Haut Brion
923,Chateau Brane-Cantenac,Chateau Brane Cantenac
924,Chateau Montrose,Chateau Montrose
925,Chateau Kirwan,Chateau Kirwan
926,Chateau Talbot,Chateau Talbot
927,Chateau Sociando-Mallet,Chateau Sociando Mallet
928,Chateau Leoville-Poyferre,Chateau Leoville Poyferre
929,Chateau Mondotte,La Mondotte
930,Petrus,Petrus
931,DRC Romanee Conti,DRC Romanee Conti
932,Chateau Angelus,Chateau Angelus
933,Chateau Filhot,Chateau Filhot
934,Chateau Trotanoy,Chateau Trotanoy
935,DRC Richebourg,DRC Richebourg
936,Chateau Clarence de Haut Brion,Le Clarence de Haut Brion
937,Chateau Leoville-las-Cases,Chateau Leoville Las Cases
938,Tertre du,Chateau du Tertre
939, Pavillon Rouge du Chateau Margaux,Pavillon Rouge du Chateau Margaux
940,Chateau Ducru-Beaucaillou,Chateau Ducru Beaucaillou
941,Latour à Pomerol,Chateau Latour a Pomerol
942,DRC Montrachet,DRC Montrachet
943,Chateau Trottevieille,Chateau Trotte Vieille
944,Chateau Grand Corbin-Despagne,Chateau Grand Corbin Despagne
945,Chateau Lynch Bages,Chateau Lynch Bages
946,DRC Grands-Echezeaux,DRC Grands Echezeaux
947,Chateau Lafite-Rothschild,Chateau Lafite Rothschild
948,Chateau Leoville-Barton,Chateau Leoville Barton
949,Chateau Duhart-Milon,Chateau Duhart Milon
950,Carruades de lafite,Carruades de Lafite
951,Chateau Carbonnieux Blanc,Chateau Carbonnieux Blanc
952,Chateau Margaux,Chateau Margaux
953,Chateau Latour,Chateau Latour
954,Cheval-Blanc,Chateau Cheval Blanc
955,Chateau Figeac,Chateau Figeac
956,DRC Echezeaux,DRC Echezeaux
957,Chateau Lagrange,Chateau Lagrange
958,Chateau Cantemerle,Chateau Cantemerle
959,Chateau de Pommard,Chateau de Pommard
960,Carruades de Lafite,Carruades de Lafite
961,Chateau Carbonnieux Rouge,Chateau Carbonnieux Rouge
962,Chateau Carbonnieux Blanc,Chateau Carbonnieux Blanc
963,Chateau Angelus,Chateau Angelus
964,Chateau Lynch Bages,Chateau Lynch Bages
965,Dom Perignon,Dom Perignon
966,Rolf Binder Veritas Winery Hanisch Shiraz,Rolf Binder Veritas Winery Hanisch Shiraz
967,Chateau Phelan Segur,Chateau Phelan Segur
968,Rolf Binder Veritas Winery Haysen Shiraz,Rolf Binder Veritas Winery Haysen Shiraz
969,Chateau Palmer,Chateau Palmer
970,Chateau Trotanoy,Chateau Trotanoy
971,Solaia,Solaia
972,Chateau Mouton Rothschild,Chateau Mouton Rothschild
973,Moulin d'Issan,Moulin d'Issan
974,Chateau Haut Batailey,Chateau Batailley
975,Chateau de Fieuzal Rouge,Chateau de Fieuzal Rouge
976,Chateau Monbousquet Rouge,Chateau Monbousquet Rouge
977,Chateau Grillet,Chateau Grillet
978,Krug Grande Cuvee,Krug Grande Cuvee
979,Chateau La Vieille Cure,Chateau La Vieille Cure
980,Chateau du Glana,Chateau du Glana
981,Sassicaia,Sassicaia
982,Dom Perignon Jeff Koons,Dom Perignon Jeff Koons
983,Ruinart Blanc De Blanc,Ruinart Blanc De Blanc
984,Chateau Giscours,Chateau Giscours
985,Dom Perignon,Dom Perignon
986,Connetable du Chateau Talbot,Connetable Talbot
987,Sena,Sena
988,Chateau Marjosse Blanc,Chateau Marjosse Blanc
989,Chateau Batailley,Chateau Batailley
990,Chateau Rauzan Segla,Chateau Rauzan Segla
991,Chateau Montrose,Chateau Montrose
992,Veuve Clicquot Ponsardin La Grande Dame,Veuve Clicquot Ponsardin La Grande Dame
993,Chateau Talbot,Chateau Talbot
994,Chateau Charmail,Chateau Charmail
995,Chateau Marjosse Rouge,Chateau Marjosse Rouge
996,Tua Rita Syrah,Tua Rita Syrah
997,Gaja Sperss,Gaja Sperss
998,Chateau Reynon Clos De Reynon,Chateau Reynon Clos de Reynon
999,Chateau Pavie,Chateau Pavie
1000,Clos Apalta,Clos Apalta
1001,Chateau Haut Bages Liberal,Chateau Haut Bages Liberal
1002,Calon Segur,Chateau Calon Segur
1003,Opus One,Opus One
1004,Chateau Musar,Chateau Musar
1005,Chateau Grand Puy Lacoste,Chateau Grand Puy Lacoste
1006,Chateau Lilian Ladouys,Chateau Lilian Ladouys
1007,Pommery Cuvee Louise,Pommery Cuvee Louise
1008,Krug Rose,Krug Rose
1009,Egon Muller Scharzhof Riesling,Egon Muller Scharzhof Riesling
1010,Chateau Tour Saint Bonnet,Chateau Tour Saint Bonnet
1011,Dom Perignon Silver,Dom Perignon Silver
1012,Chateau Fourcas Borie,Chateau Fourcas Borie
1013,Dominus,Dominus
1014,Chateau Lascombes,Chateau Lascombes
1015,Chateau Reynon Rouge,Chateau Reynon Rouge
1016,Gaja Sori San Lorenzo,Gaja Sori San Lorenzo
1017,La Chapelle de La Mission Haut-Brion,La Chapelle de La Mission Haut Brion
1018,Chateau Villars,Chateau Villars
1019,Chateau Beychevelle,Chateau Beychevelle
1020,Chateau Pontet Canet,Chateau Pontet Canet
1021,Ruinart Rose,Ruinart Rose
1022,Chateau Dassault,Chateau Dassault
1023,Chateau Ducru Beaucaillou,Chateau Ducru Beaucaillou
1024,Veuve Clicquot Ponsardin Brut Rose,Veuve Clicquot Ponsardin Brut
1025,Ruinart Blanc De Blanc (Aromas Collection),Ruinart Blanc De Blanc (Aromas Collection)
1026,Sociando Mallet,Chateau Sociando Mallet
1027,Chevalier de Lascombes,Chevalier de Lascombes
1028,Gaja Sori Tildin,Gaja Sori Tildin
1029,Chateau Leoville Las Cases,Chateau Leoville Las Cases
1030,Moet & Chandon Brut Imperial,Moet & Chandon Brut Imperial
1031,Chateau Carbonnieux Blanc,Chateau Carbonnieux Blanc
1032,Ridge Monte Bello,Ridge Monte Bello
1033,Chateau Boyd Cantenac,Chateau Boyd Cantenac
1034,Chateau d'Armailhac,Chateau d’Armailhac
1035,Gaja Barbaresco,Gaja Barbaresco
1036,Pol Roger Brut,Pol Roger Brut
1037,Chateau Cantemerle,Chateau Cantemerle
1038,Ruinart Dom Ruinart Blanc,Ruinart Dom Ruinart Blanc
1039,Chateau Clerc Milon,Chateau Clerc Milon
1040,Chateau Gazin,Chateau Gazin
1041,Chateau Pape Clement Blanc,Chateau Pape Clement Blanc
1042,Veuve Clicquot Ponsardin Brut,Veuve Clicquot Ponsardin Brut
1043,Chateau Figeac,Chateau Figeac
1044,Petit Lion du Marquis de Las Cases,Petit Lion du Marquis de Las Cases
1045,Chateau Dauzac,Chateau Dauzac
1046,La Dame de Montrose,La Dame de Montrose
1047,Tua Rita Lodano,Tua Rita Lodano
1048,Moulin de Launay,Chateau Moulin de Launay
1049,Laulan Cuvée Quintessence,Chateau Laulan Cuvee Quintessence
1050,Calvimont (Blanc),Chateau Calvimont Blanc
1051,Haut Guiraud,Chateau Guiraud
1052,Croix Teynac (La),Chateau La Croix Teynac
1053,Clos du Pavillon,Clos du Pavillon
1054,Tour de Bessan (La),Chateau La Tour de Bessan
1055,Mont Perat Rouge,Chateau Mont Perat Rouge
1056,Tour de Pez,Chateau Tour de Pez
1057,Different de Ch Ferrand (Le),Le Different de Chateau de Ferrand
1058,Moulin des Graves,Chateau Moulin des Graves
1059,Allées de Cantemerle,Les Allees de Cantemerle
1060,"Tour de Guiet ""Tradition""","Chateau Tour de Guiet ""Tradition"""
1061,Arsac (D'),Chateau d’Arsac
1062,Bernadotte,Chateau Bernadotte
1063,Marsauda Bellevue,Chateau Marsauda Bellevue
1064,Haut Cormier,Chateau Haut Cormier
1065,Aurilhac (D'),Chateau d’Aurilhac
1066,Bensse (de),Chateau de Bensse
1067,Lauzette Declercq (La),Chateau La Lauzette Declercq
1068,Cap de Faugères ,Chateau Cap de Faugeres
1069,Brespaillan,Chateau Brespaillan
1070,Blaignan,Chateau Blaignan
1071,Faise (de),Chateau de Faise
1072,Grandis,Chateau Grandis
1073,Baret Rouge,Chateau Baret Rouge
1074,Fonbel,Chateau Fonbel
1075,Gorce (La),Chateau La Gorce
1076,Clairac tradition,Chateau Clairac Tradition
1077,Tour Saint Fort,Chateau Tour Saint Fort
1078,Closerie Saint Vincent,Closerie Saint Vincent
1079,Devise d'Ardilley,Chateau Devise d’Ardilley
1080,Lacoste,Chateau Lacoste
1081,Ferrand,Chateau de Ferrand
1082,Brandey (de),Chateau de Brandey
1083,Panigon (de),Chateau de Panigon
1084,Larteau,Chateau Larteau
1085,Saint Hilaire,Chateau Saint Hilaire
1086,Soudars,Chateau Soudars
1087,Pensées de la Tour Carnet (Les),Les Pensees de la Tour Carnet
1088,Bellegrave du Poujeau,Chateau Bellegrave du Poujeau
1089,Grand Corbin Manuel,Chateau Grand Corbin Manuel
1090,Villegeorge ,Chateau de Villegorge
1091,Aubiers (Les),Chateau Les Aubiers
1092,Côteau (Le),Chateau Le Coteau
1093,Paloumey,Chateau Paloumey
1094,Prieuré Canteloup,Chateau Prieure Canteloup
1095,Mister Pink,Chateau Mister Pink
1096,Marjosse Blanc,Chateau Marjosse Blanc
1097,Charmail,Chateau Charmail
1098,Tour Saint Bonnet,Chateau Tour Saint Bonnet
1099,Siaurac,Chateau Siaurac
1100,German,Chateau German
1101,Freynelle (La) (Blanc),Chateau La Freynelle Blanc
1102,Aubastons (Les),Chateau Les Aubastons
1103,Croix du Trale,Chateau Croix du Trale
1104,Espérance (L'),Chateau L'Esperance
1105,Roudier,Chateau Roudier
1106,Ferran,Chateau de Ferrand
1107,Vieux Dominique,Chateau Vieux Dominique
1108,Saint Pey,Chateau Saint Pey
1109,Busquet,Chateau Busquet
1110,Lande de Bertin,Chateau Lande de Bertin
1111,Franc Maillet,Chateau Franc Maillet
1112,Grange d'Orléan (La),Chateau La Grange d'Orlean
1113,Martin,Chateau Martin
1114,Trois Moulins,Chateau Trois Moulins
1115,Cap d'Or,Cap d'Or
1116,Saint Christophe,Chateau Saint Christophe
1117,"Freynelle (La) Cuvée ""Cabernet Sauvignon""",Chateau La Freynelle Cuvee Cabernet Sauvignon
1118,Les Garregades,Chateau Les Garregades
1119,Mayne (du) (Blanc),Chateau du Mayne Blanc
1120,Escurac (D'),Chateau d’Escurac
1121,Moulin de la Souloire,Chateau Moulin de la Souloire
1122,Verdignan,Chateau Verdignan
1123,Guillemin la Gaffeliere ,Chateau Guillemin la Gaffeliere
1124,Belair Coubet ,Chateau Belair Coubet
1125,Croix Saint Vincent (La),Chateau La Croix Saint Vincent
1126,Martinon (Rouge),Chateau Martinon Rouge
1127,Lacour Jacquet,Chateau Lacour Jacquet
1128,Moulin de Grenet,Chateau Moulin de Grenet
1129,Villadière,Chateau Villadiere
1130,Lajarre Cuvée Eléonore,"Chateau Lajarre ""Cuvee Eleonore"""
1131,Temple (Le),Chateau Le Temple
1132,Blouin,Chateau Blouin
1133,Galeteau,Chateau Galeteau
1134,Grand Pey Lescours,Chateau Grand Pey Lescours
1135,Marquis de Bellefont ,Chateau Marquis de Bellefont
1136,Arnauton,Chateau Arnauton
1137,Haut Guillebot,Chateau Haut Guillebot
1138,Moulin de Vignolle,Chateau Moulin de Vignolle
1139,Canon La Chapelle,Chateau Canon La Chapelle
1140,Fourcas Dupré,Chateau Fourcas Dupre
1141,Caroline,Chateau Caroline
1142,Freynelle (La) Rouge,Chateau La Freynelle Rouge
1143,Tayac,Chateau Tayac
1144,Lajarre Tradition,Chateau Lajarre Tradition
1145,Pavillon de Saint Jacques (Le),Le Pavillon de Saint Jacques
1146,Laffitte Carcasset,Chateau Laffitte Carcasset
1147,Puy de Guirande,Chateau Puy de Guirande
1148,Fleur Haut Gaussens,Chateau Fleur Haut Gaussens
1149,Beau-Site Haut-Vignoble,Chateau Beau Site Haut Vignoble
1150,Moulin de la Roque,Chateau Moulin de la Roque
1151,Pomies-Agassac,Chateau Pomies Agassac
1152,Haut Peyruguet,Chateau Haut Peyruguet
1153,Saint Ahon,Chateau Saint Ahon
1154,Lalaudey,Chateau Lalaudey
1155,Carpia (du) Rouge,Chateau du Carpia Rouge
1156,Lestage Simon,Chateau Lestage Simon
1157,Jeanguillon,Chateau Jeanguillon
1158,Agape,Agape
1159,Terrasses de Bouey (Les),Chateau Les Terrasses de Bouey
1160,Fonplégade,Chateau Fonplegade
1161,Orval (d'),Chateau d'Orval
1162,Malbat,Chateau Malbat
1163,Pouyanne (Blanc),Chateau Pouyanne Blanc
1164,Cap Saint George,Chateau Cap Saint George
1165,Vieux Chateau Guibeau,Vieux Chateau Guibeau
1166,Arbouse,Arbouse
1167,Mauvesin ,Chateau Mauvesin
1168,Haut Mondain,Chateau Haut Mondain
1169,Mont Perat (Blanc),Chateau Mont Perat Blanc
1170,Martinat,Chateau Martinat
1171,Bolaire,Chateau Bolaire
1172,Pineau du Rey,Chateau Pineau du Rey
1173,Domeyne,Chateau Domeyne
1174,Donissan,Chateau Donissan
1175,Pey de Pont,Chateau Pey de Pont
1176,Fontaine,Chateau Fontaine
1177,Tessendey,Chateau Tessendey
1178,Vieux Cassan,Chateau Vieux Cassan
1179,Laulan Cuvée Clement,Chateau Laulan Cuvee Clement
1180,Fon du Berger (La),Chateau La Fon du Berger
1181,La Rive de Goulée,Chateau La Rive de Goulee
1182,Haut Tayac,Chateau Tayac
1183,Simard,Chateau Simard
1184,Fombrauge,Chateau Fombrauge
1185,Pontey,Chateau Pontey
1186,Arnaudas,Chateau Arnaudas
1187,Moulin Haut Villars,Chateau Moulin Haut Villars
1188,Lauzette (La),Chateau La Lauzette
1189,Moulin de Bouty,Chateau Moulin de Bouty
1190,Taussin,Chateau Taussin
1191,Tessonnière (La),Chateau La Tessonniere
1192,Peyre Lebade,Chateau Peyre Lebade
1193,Mont Perat Blanc,Chateau Mont Perat Blanc
1194,Croix Fourney (La),Chateau La Croix Fourney
1195,Pontet Barrail,Chateau Pontet Barrail
1196,Valois (de),Chateau de Valois
1197,Bruilleau (Le),Chateau Le Bruilleau
1198,Clos de la Dame Verte,Clos de la Dame Verte
1199,Mauvesin Barton,Chateau Mauvesin Barton
1200,Gaudin ,Chateau Gaudin
1201,Freyche (Le),Chateau Le Freyche
1202,Baret Blanc,Chateau Baret Blanc
1203,Yon Figeac,Chateau Yon Figeac
1204,Bellegrave,Chateau Bellegrave
1205,Lafleur du Roy ,Chateau Lafleur du Roy
1206,Clauzet,Chateau Clauzet
1207,Martinon (Blanc),Chateau Martinon Blanc
1208,Bastor Lamontagne,Chateau Bastor Lamontagne
1209,Toutigeac,Chateau Toutigeac
1210,Potensac,Chateau Potensac
1211,Retout (du),Chateau de Retout
1212,Bourdieu (Le),Chateau Bourdieu
1213,Blanquerie (La),Chateau la Blanquerie
1214,Motte Maucourt,Chateau Motte Maucourt
1215,Come (de),Chateau de Come
1216,Aney,Chateau Aney
1217,Pavillon Beauregard,Chateau Pavillon Beauregard
1218,Bessan,Chateau La Bessane
1219,Haut Lagrange,Chateau Lagrange
1220,Minvielle ,Chateau Minvielle
1221,Beylie La Croix,Chateau Beylie La Croix
1222,Landion,Chateau Haut Landon
1223,Croix Saint Vincent (la),Chateau La Croix Saint Vincent
1224,Galante (La),Chateau La Galante
1225,Plaisance,Chateau Plaisance
1226,Fondarzac,Chateau Fondarzac
1227,Lanessan,Chateau Lanessan
1228,Gravy (Le),Chateau Le Gravy
1229,Fougas Maldoror,Chateau Fougas Maldoror
1230,Beard la Chapelle,Chateau Beard la Chapelle
1231,Tertre de Courban,Chateau Tertre de Courban
1232,Noaillac,Chateau Noaillac
1233,Portets (De) (Rouge),Chateau de Portets Rouge
1234,Malene,Chateau Malene
1235,Gadet Terrefort,Chateau Gadet Terrefort
1236,Roc Meynard,Chateau Roc Meynard
1237,Peyrabon,Chateau Peyrabon
1238,Haut Pick (du),Chateau du Haut Pick
1239,Croix Mouton,Chateau Croix Mouton
1240,Bessan / Perles de Bessan blanc,Chateau Bessan Perles de Bessan Blanc
1241,Portets (De) (Blanc),Chateau de Portets Blanc
1242,Haut-Du-Peyrat,Chateau Haut du Peyrat
1243,Ailes de Berliquet,Les Ailes de Berliquet
1244,Malescasse,Chateau Malescasse
1245,Toumalin,Chateau Toumalin
1246,Taillan (Du),Chateau du Taillan
1247,Fleur Picon (La) La Douceur,"Chateau La Fleur Picon ""La Douceur"""
1248,Amour,Chateau Amour
1249,"Clos du Pavillon ""La Petite Folie""","Clos du Pavillon ""La Petite Folie"""
1250,Gravas,Chateau Gravas
1251,Lucques Bessan,Chateau Lucques Bessan
1252,Hyot,Chateau Hyot
1253,Vieux Chevrol,Chateau Vieux Chevrol
1254,"Francs ""Les Cerisiers""","Chateau de Francs ""Les Cerisiers"""
1255,Truffe (La),Chateau La Truffe
1256,Archange (L'),L'Archange
1257,Larrivaux,Chateau Larrivaux
1258,Jouanin,Chateau Jouanin
1259,Roudier (Le),Chateau Roudier
1260,Grandchamp (de),Chateau de Grandchamp
1261,Virecourt Conte,Chateau Virecourt Conte
1262,Tauzinat l'Hermitage,Chateau Tauzinat l'Hermitage
1263,Mille Roses,Chateau Mille Roses
1264,Laroche,Chateau Laroche
1265,Puy Favereau,Chateau Puy Favereau
1266,Dame Verte (de la),Chateau de la Dame Verte
1267,Rose Pauillac (La),La Rose Pauillac
1268,Crabitey,Chateau Crabitey
1269,"Thieuley  ""Réserve Francis Courselle"" (Red)","Chateau Thieuley ""Reserve Francis Courselle"" Rouge"
1270,Laroche Joubert,Chateau Laroche Joubert
1271,Bernateau,Chateau Bernateau
1272,Montet,Chateau Montet
1273,Caronne Sainte Gemme,Chateau Caronne Sainte Gemme
1274,Meyre,Chateau Meyre
1275,Guibeau,Chateau Guibeau
1276,Fourcas Hosten,Chateau Fourcas Hosten
1277,Barbé,Chateau Barbe
1278,Bruilleau (Le) Blanc,Chateau Le Bruilleau Blanc
1279,Chantemerle,Chateau Cantemerle
1280,Bel Orme Tronquoy de Lalande,Chateau Bel Orme Tronquoy de Lalande
1281,Bellegarde,Chateau de Bellegarde
1282,Coufran,Chateau Coufran
1283,Haut Pougnan (Blanc),Chateau Haut Pougnan Blanc
1284,Tour de Mons (La),Chateau La Tour de Mons
1285,Hourbanon,Chateau Hourbanon
1286,Lussan,Chateau Lussan
1287,Castelbruck,Chateau Castelbruck
1288,Puygueraud,Chateau Puygueraud
1289,Mylord,Chateau Mylord
1290,Coudraie (La),Chateau La Coudraie
1291,Arcole (D'),Chateau D'Arcole
1292,Lafite Monteil,Chateau Lafite Monteil
1293,Lamothe Bergeron,Chateau Lamothe Bergeron
1294,Haut Maginet,Chateau Haut Maginet
1295,Tour Haut Caussan,Chateau Tour Haut Caussan
1296,"Freynelle (La)  cuvée ""Cabernet Sauvignon""",Chateau La Freynelle Cuvee Cabernet Sauvignon
1297,Haut-Landon,Chateau Haut Landon
1298,Bruilleau (Le) Rouge,Chateau Le Bruilleau Rouge
1299,Sainte Gemme (de),Chateau de Sainte Gemme
1300,Maison Neuve (de),Chateau de Maison Neuve
1301,Laroche Bel Air,Chateau Laroche Bel Air
1302,Marjosse Rouge,Chateau Marjosse Rouge
1303,Prieur de Meyney,Chateau Prieur de Meyney
1304,Jordi,Chateau Jordi
1305,Haut Faugères,Chateau Faugeres
1306,Roche Dorée (La),Chateau La Roche Doree
1307,Moulin du Cadet,Chateau Moulin Du Cadet
1308,Verdun (de),Chateau de Verdun
1309,Pontoise Cabarrus,Chateau Pontoise Cabarrus
1310,Haut Sociando,Chateau Haut Sociando
1311,Hervé-Laroque,Chateau Herve Laroque
1312,Cambon La Pelouse,Chateau Cambon Le Pelouse
1313,Lacoste Garzac,Chateau Lacoste Garzac
1314,Theophile,Chateau Theophile
1315,Prieurs de la Commanderie,Chateau Prieurs de la Commanderie
1316,"Chinon, Les 10 Plus Belles Pieces","Le Chinon ""Les 10 Plus Belles Pieces"" "
1317,Rondillon Cuvée Les Turons,Chateau Rondillon Cuvee Les Turons
1318,Gemeillan,Chateau Gemeillan
1319,Marjosse (Blanc),Chateau Marjosse Blanc
1320,Graves du Champ des Chails ,Chateau Graves du Champ des Chails
1321,Escot,Chateau d’Escot
1322,Bernon,Chateau Bernon
1323,Haut Nivelle,Chateau Haut Nivelle
1324,Virecourt Conté,Chateau Virecourt Conte
1325,Vieille Cure (La),Chateau La Vieille Cure
1326,Mascard - Vent d'Ange,"Chateau Mascard ""Vent d'Ange"""
1327,Semaillan Mazeau,Chateau Semeillan Mazeau
1328,Moulins de Citran,Chateau Moulins de Citran
1329,Romfort,Chateau Romfort
1330,Bournac,Chateau Bournac
1331,Marsac Seguineau,Chateau Marsac Seguineau
1332,Andoyse du Hayot ,Chateau Andoyse du Hayot
1333,Port du Roy,Chateau Port du Roy
1334,Marquis de Mons,Marquis de Mons
1335,Haut Domingue,Chateau Haut Domingue
1336,Tour Castillon,Chateau Tour Castillon
1337,Bruilleau (Le) (Blanc),Chateau Le Bruilleau Blanc
1338,Trois Manoirs (Les),Chateau Les Trois Manoirs
1339,Fermenteaux (Les),Chateau Les Fermenteaux
1340,Cach (de),Chateau de Cach
1341,Andron-Blanquet,Chateau Andron Blanquet
1342,Moulin Haut Laroque,Chateau Moulin de la Roque
1343,Larcis Jaumat,Chateau Larcis Jaumat
1344,Cos d'Estournel Blanc,Chateau Cos d'Estournel Blanc
1345,Corbin,Chateau Corbin
1346,Sénéjac,Chateau Senejac
1347,Lacoste Borie,Lacoste Borie
1348,Gazin Rocquencourt Blanc,Chateau Gazin Rocquencourt Blanc
1349,Mondotte ,La Mondotte
1350,Barde-Haut,Chateau Barde Haut
1351,Smith Haut Lafitte Rouge,Chateau Smith Haut Lafitte Rouge
1352,Tour du Pin,Chateau La Tour du Pin
1353,Haut Bages Libéral,Chateau Haut Bages Liberal
1354,Fayat,Chateau Fayat
1355,Marsau,Chateau Marsau
1356,Valandraud ,Chateau Valandraud
1357,Montrose,Chateau Montrose
1358,Allées de Cantemerle,Les Allees de Cantemerle
1359,Cheval Blanc,Chateau Cheval Blanc
1360,Carbonnieux blanc,Chateau Carbonnieux Blanc
1361,Beaumont,Chateau Beaumont
1362,Canon,Chateau Canon
1363,Lafite Rothschild,Chateau Lafite Rothschild
1364,Léoville Poyferré,Chateau Leoville Poyferre
1365,Brane Cantenac,Chateau Brane Cantenac
1366,Duhart-Milon,Chateau Duhart Milon
1367,Margaux,Chateau Margaux
1368,Lafleur,Chateau Lafleur
1369,Pontet Canet,Chateau Pontet Canet
1370,Haura,Chateau Haura
1371,Petit Bocq,Chateau Petit Bocq
1372,Moulin Saint-Georges,Chateau Moulin Saint Georges
1373,Brillette,Chateau Brillette
1374,Feytit Guillot,Chateau Feytit Guillot
1375,Petrus,Petrus
1376,Phélan Ségur,Chateau Phelan Segur
1377,Haut Marbuzet,Chateau Haut Marbuzet
1378,Opus One,Opus One
1379,Clos Lunelles,Clos Les Lunelles
1380,Léoville Las Cases,Chateau Leoville Las Cases
1381,Girolate blanc,Chateau Girolate Blanc
1382,Pichon Comtesse de Lalande,Chateau Pichon Comtesse de Lalande
1383,Doisy Vedrines,Chateau Doisy Vedrines
1384,Masseto,Masseto
1385,Grand Corbin Despagne,Chateau Grand Corbin Despagne
1386,Mission Haut Brion ,Chateau Mission Haut Brion
1387,Hauts du Tertre,Les Hauts du Tertre
1388,Pagodes de Cos,Pagodes de Cos
1389,Montviel,Chateau Montviel
1390,Ausone,Chateau Ausone
1391,Marjosse Blanc,Chateau Marjosse Blanc
1392,Fleur Peyrabon,Chateau La Fleur Peyrabon
1393,Carmes de Rieussec,Carmes de Rieussec
1394,Fugue de Nénin,Fugue de Nenin
1395,Belgrave,Chateau Belgrave
1396,Guiraud,Chateau Guiraud
1397,Siran,Chateau Siran
1398,Blason d'Issan,Blason d'Issan
1399,Lascombes,Chateau Lascombes
1400,Clos des Jacobins,Clos des Jacobins
1401,Evangile ,Chateau L'Evangile
1402,Y d'Yquem,"""Y"" d'Yquem"
1403,Beychevelle,Chateau Beychevelle
1404,Branaire Ducru,Chateau Branaire Ducru
1405,Cap d'Or,Cap d'Or
1406,Clos Haut Peyraguey,Chateau Clos Haut Peyraguey
1407,Smith Haut Lafitte blanc,Chateau Smith Haut Lafitte Blanc
1408,Durfort Vivens,Chateau Durfort Vivens
1409,Latour Martillac rouge,Chateau Latour Martillac Rouge
1410,Pape Clément blanc,Chateau Pape Clement Blanc
1411,Croizet Bages,Chateau Croizet Bages
1412,Arômes de Pavie,Aromes de Pavie
1413,Clos Marsalette Rouge,Clos Marsalette Rouge
1414,La Fleur,Chateau La Fleur
1415,Vérité - Le Désir,Verite Le Desir
1416,Latour Martillac blanc,Chateau Latour Martillac Blanc
1417,Margaux de Brane ,Margaux de Brane
1418,Parde de Haut-Bailly,La Parde Haut Bailly
1419,Cardinale,Cardinale
1420,Pape Clément rouge,Chateau Pape Clement Rouge
1421,Léoville Barton,Chateau Leoville Barton
1422,Climens,Chateau Climens
1423,Joanin Bécot,Chateau Joanin Becot
1424,Prieuré-Lichine,Chateau Prieure Lichine
1425,Clos Floridène blanc,Clos Floridene Blanc
1426,Pedesclaux,Chateau Pedesclaux
1427,Bellevue Mondotte,Chateau Bellevue Mondotte
1428,Fourcas Dupré,Chateau Fourcas Dupre
1429,Echo de Lynch Bages,Echo de Lynch Bages
1430,Trotanoy,Chateau Trotanoy
1431,Chauvin,Chateau Chauvin
1432,Vérité - La Joie,Verite La Joie
1433,Armailhac,Chateau d’Armailhac
1434,Canon la Gaffelière,Chateau Canon La Gaffeliere
1435,de Carles,Chateau Haut Carles
1436,Confidences de Prieuré-Lichine,Confidences de Prieure Lichine
1437,Lespault-Martillac Rouge,Chateau Lespault Martillac Rouge
1438,Frank Phélan,Chateau Frank Phelan
1439,Sarget de Gruaud Larose,Sarget de Gruaud Larose
1440,Laville Haut Brion,Chateau Laville Haut Brion
1441,Reynon Blanc,Chateau Reynon Blanc
1442,Dauphine (la),Chateau de La Dauphine
1443,Haut Bailly,Chateau Haut Bailly
1444,Clinet,Chateau Clinet
1445,Nénin,Chateau Nenin
1446,Alter Ego,Alter Ego
1447,Figeac,Chateau Figeac
1448,Egon Muller - Riesling Spatlese,Egon Muller Riesling Spatlese
1449,Baron de Brane,Baron de Brane
1450,Aiguilhe,Chateau d'Aiguilhe
1451,Palmer,Chateau Palmer
1452,Dragon de Quintus,Le Dragon de Quintus
1453,Du Glana,Chateau du Glana
1454,Clos Puy Arnaud,Clos Puy Arnaud
1455,Clément Pichon,Chateau Clement Pichon
1456,Clos La Madeleine,Clos La Madeleine
1457,Fontenil,Chateau Fontenil
1458,Grand Puy Lacoste,Chateau Grand Puy Lacoste
1459,Marquis de Terme,Chateau Marquis de Terme
1460,Cambon la pelouse,Chateau Cambon Le Pelouse
1461,Confession,Chateau La Confession
1462,Carmes Haut Brion,Chateau Les Carmes Haut Brion
1463,Gressier Grand Poujeaux,Chateau Gressier Grand Poujeaux
1464,Eglise Clinet,Chateau L'Eglise Clinet
1465,Le Boscq ,Chateau Le Boscq
1466,Tour Figeac,Chateau La Tour Figeac
1467,Mouton Rothschild,Chateau Mouton Rothschild
1468,Carbonnieux rouge,Chateau Carbonnieux Rouge
1469,Yquem,Chateau d'Yquem
1470,Saint-Pierre,Chateau Saint Pierre
1471,Pavie Macquin,Chateau Pavie Macquin
1472,Pèlerins de Lafon Rochet,Les Pelerins de Lafon Rochet
1473,Bon Pasteur ,Chateau Le Bon Pasteur
1474,Fombrauge,Chateau Fombrauge
1475,Petit Village,Chateau Petit Village
1476,Grand Pontet,Chateau Grand Pontet
1477,Dassault,Chateau Dassault
1478,Ferrière,Chateau Ferriere
1479,L'Aventure - Cote à Cote,L'Aventure Cote a Cote
1480,Meyney,Chateau Meyney
1481,Bridane,Chateau Bridane
1482,Latour,Chateau Latour
1483,Le Volte dell' Ornellaia,Le Volte dell'Ornellaia
1484,Dominique (la),Chateau La Dominique
1485,Quintus,Chateau Quintus
1486,Péby Faugères,Chateau Peby Faugeres
1487,Arsac,Chateau d’Arsac
1488,Mauvesin Barton,Chateau Mauvesin Barton
1489,Chantegrive rouge,Chateau de Chantegrive Rouge
1490,Dame de Montrose ,La Dame de Montrose
1491,Rauzan Ségla,Chateau Rauzan Segla
1492,Gruaud Larose,Chateau Gruaud Larose
1493,Lynch Moussas,Chateau Lynch Moussas
1494,Sena,Sena
1495,Fieuzal rouge,Chateau de Fieuzal Rouge
1496,Conseillante ,Chateau La Conseillante
1497,Troplong Mondot,Chateau Troplong Mondot
1498,Talbot,Chateau Talbot
1499,Potensac,Chateau Potensac
1500,Tronquoy Lalande,Chateau Tronquoy Lalande
1501,Dutruch Grand Poujeaux,Chateau Dutruch Grand Poujeaux
1502,Malescot Saint Exupery,Chateau Malescot Saint Exupery
1503,Clos Apalta,Clos Apalta
1504,Cantemerle,Chateau Cantemerle
1505,Vérité - La Muse,Verite La Muse
1506,Clerc Milon,Chateau Clerc Milon
1507,Clos Fourtet,Clos Fourtet
1508,Lanessan,Chateau Lanessan
1509,Doisy-Daene,Chateau Doisy Daene
1510,Carruades de Lafite,Carruades de Lafite
1511,Vega Sicilia Unico,Vega Sicilia Unico
1512,Tour Blanche ,Chateau La Tour Blanche
1513,Le Serre Nuove dell' Ornellaia,Le Serre Nuove dell'Ornellaia
1514,Monbousquet blanc,Chateau Monbousquet Blanc
1515,Malartic Lagravière rouge,Chateau Malartic Lagraviere Rouge
1516,Peyrabon,Chateau Peyrabon
1517,Croix Mouton,Chateau Croix Mouton
1518,Montlandrie,Chateau Monlandrie
1519,Rol Valentin,Chateau Rol Valentin
1520,Fonroque,Chateau Fonroque
1521,Ducru Beaucaillou,Chateau Ducru Beaucaillou
1522,L'Aventure - Optimus,L'Aventure Optimus
1523,Pensées de La Tour Carnet,Les Pensees de la Tour Carnet
1524,Le Gay,Chateau Le Gay
1525,Lafon Rochet,Chateau Lafon Rochet
1526,Quinault L'Enclos,Chateau Quinault L’Enclos
1527,Grand Mayne,Chateau Grand Mayne
1528,Larcis Ducasse,Chateau Larcis Ducasse
1529,Teyssier,Chateau Teyssier
1530,Lusseau,Chateau Lusseau
1531,Le Prieuré,Chateau Le Prieure
1532,Angélique de Monbousquet,Angelique de Monbousquet
1533,Saint-Estèphe de Montrose,Le Saint Estephe de Montrose
1534,Larrivaux,Chateau Larrivaux
1535,Fleur Cardinale,Chateau Fleur Cardinale
1536,Issan ,Chateau d’Issan
1537,Suduiraut,Chateau Suduiraut
1538,Reynon rouge,Chateau Reynon Rouge
1539,Cap Saint-George,Chateau Cap Saint George
1540,Lilian Ladouys,Chateau Lilian Ladouys
1541,Beau Séjour Bécot,Chateau Beau Sejour Becot
1542,Gloria,Chateau Gloria
1543,Les Griffons de Pichon Baron,Les Griffons de Pichon Baron
1544,Goulée by Cos d'Estournel,Goulee by Cos d’Estournel
1545,Ornellaia,Ornellaia
1546,Cruzelles ,Chateau Les Cruzelles
1547,Clos de l'Oratoire,Clos de l’Oratoire
1548,Blanc de Chasse Spleen,Blanc de Chasse Spleen
1549,Pavie,Chateau Pavie
1550,Fleur Petrus,Chateau La Fleur Petrus
1551,Gurgue (la),Chateau La Gurgue
1552,Vieille Cure ,Chateau La Vieille Cure
1553,Solaia,Solaia
1554,Rouget,Chateau Rouget
1555,R de Rieussec,Chateau Rieussec
1556,Sigalas Rabaud,Chateau Sigalas Rabaud
1557,Du Tertre,Chateau du Tertre
1558,Chapelle de Potensac,Chapelle de Pontensac
1559,Clarté de Haut-Brion,La Clarte de Haut Brion
1560,Capbern ,Chateau Calpbern
1561,Lynch Bages,Chateau Lynch Bages
1562,Clos du Marquis,Clos du Marquis
1563,Lagrange,Chateau Lagrange
1564,Fleur de Pedesclaux,Fleur de Pedesclaux
1565,Mont-Pérat Blanc,Chateau Mont Perat Blanc
1566,Fiefs de Lagrange ,Les Fiefs de Lagrange
1567,Grand Corbin,Chateau Grand Corbin
1568,Pointe ,Chateau La Pointe
1569,Langoa Barton,Chateau Langoa Barton
1570,Saintem,Chateau Saintem
1571,Closerie de Camensac,La Closerie de Camensac
1572,Malle ,Chateau de Malle
1573,Hosanna,Chateau Hosanna
1574,G de Guiraud,G de Chateau Guiraud
1575,Malartic Lagravière blanc,Chateau Malartic Lagraviere Blanc
1576,Forts de Latour ,Les Forts de Latour
1577,Gaffelière ,Chateau La Gaffeliere
1578,Lafaurie-Peyraguey,Chateau Lafaurie Peyraguey
1579,Poujeaux,Chateau Poujeaux
1580,Ormes de Pez ,Chateau Les Ormes de Pez
1581,Latour à Pomerol,Chateau Latour a Pomerol
1582,Sociando-Mallet,Chateau Sociando Mallet
1583,M de Marquis de Terme,Chateau Marquis de Terme
1584,Domaine de Chevalier rouge,Domaine de Chevalier Rouge
1585,Angélus,Chateau Angelus
1586,Lalande Borie,Chateau Lalande Borie
1587,Tignanello,Tignanello
1588,Carlmagnus,Chateau Carlmagnus
1589,La Lagune ,Chateau La Lagune
1590,Réserve de la Comtesse,Reserve de la Comtesse
1591,Marquis de Mons,Marquis de Mons
1592,Beauséjour Duffau-lagarrosse,Chateau Beausejour Duffau Lagarrosse
1593,Calon Ségur,Chateau Calon Segur
1594,Rieussec,Chateau Rieussec
1595,Connetable de Talbot,Connetable Talbot
1596,Almaviva,Almaviva
1597,Labégorce,Chateau Labegorce
1598,Coutet,Chateau Coutet
1599,Clotte (la),Chateau La Clotte
1600,Sirène de Giscours,Le Sirene de Giscours
1601,Giscours,Chateau Giscours
1602,Mission Haut Brion Blanc,Chateau La Mission Haut Brion Blanc
1603,Klein Constantia - Vin de Constance,Klein Constantia Vin de Constance
1604,Maucaillou,Chateau Maucaillou
1605,Pavie Decesse,Chateau Pavie Decesse
1606,GUIGAL LA LANDONNE,E. Guigal La Landonne
1607,POL ROGER WINSTON CHURCHILL,Pol Roger Winston Churchill
1608,CHATEAU TRIANS ROSE,Chateau Trians Rose
1609,CHATEAU TRIANS BLANC,Chateau Trians Blanc
1610,GUIGAL LA TURQUE,E. Guigal La Turque
1611,GUIGAL LA MOULINE,E. Guigal La Mouline
1612,LE RETOUT BLANC,Chateau du Retout Blanc
1613,CHATEAU DE LIGNANE CUVEE JEAN,Chateau de Lignane Cuvee Jean
